<?xml version="1.0" encoding="UTF-8"?>
<project-private xmlns="http://www.netbeans.org/ns/project-private/1">
    <editor-bookmarks xmlns="http://www.netbeans.org/ns/editor-bookmarks/2" lastBookmarkId="0"/>
    <open-files xmlns="http://www.netbeans.org/ns/projectui-open-files/2">
        <group>
            <file>file:/C:/Users/kumar/Documents/NetBeansProjects/Attendance_management/src/attendance_management/Facultylogin.java</file>
            <file>file:/C:/Users/kumar/Documents/NetBeansProjects/Attendance_management/src/attendance_management/Facultyreg.java</file>
            <file>file:/C:/Users/kumar/Documents/NetBeansProjects/Attendance_management/src/attendance_management/Viewattendance.java</file>
            <file>file:/C:/Users/kumar/Documents/NetBeansProjects/Attendance_management/src/attendance_management/Studentlogin.java</file>
            <file>file:/C:/Users/kumar/Documents/NetBeansProjects/Attendance_management/src/attendance_management/Markattendance.java</file>
        </group>
    </open-files>
</project-private>
